學號,src目錄
b10902134,submissions/b10902134/b10902134/src
b11902029,submissions/b11902029/b11902029/src
b10902038,
b10902037,submissions/b10902037/b10902037/src
b10902045,submissions/b10902045/b10902045/src
b09303036,submissions/b09303036/b09303036/b09303036/src
b10902095,submissions/b10902095/b10902095/src
b10902035,submissions/b10902035/b10902035/src
b10401008,submissions/b10401008/b10401008/src
b09508007,submissions/b09508007/b09508007/src
b10201054,submissions/b10201054/b10201054/src
b10902053,submissions/b10902053/b10902053/src
b11902135,submissions/b11902135/b11902135/src
b10902001,submissions/b10902001/b10902001/src
b11902078,submissions/b11902078/b11902078/src
b11902043,submissions/b11902043/b11902043/src
b09502074,submissions/b09502074/b09502074/src
b10902122,submissions/b10902122/b10902122/src
b10902114,submissions/b10902114/b10902114/src
b10902125,submissions/b10902125/b10902125/src
b10902121,submissions/b10902121/b10902121/src
b10902049,
b10902107,submissions/b10902107/b10902107/src
b10902090,submissions/b10902090/b10902090/src
b10202063,submissions/b10202063/b10202063/src
b10902075,submissions/b10902075/src
b10902082,submissions/b10902082/b10902082/src
b11902110,submissions/b11902110/b11902110/src
b10902072,submissions/b10902072/b10902072/src
b10902041,submissions/b10902041/b10902041/src
b11902106,submissions/b11902106/b11902106/src
b09902122,
b10902088,submissions/b10902088/b10902088/src
b11902035,submissions/b11902035/b11902035/src
b10902103,submissions/b10902103/b10902103/src
b10902139,submissions/b10902139/b10902139/src
b10902085,submissions/b10902085/b10902085/src
b10902124,submissions/b10902124/b10902124/src
b10902087,submissions/b10902087/b10902087/src
b10502010,submissions/b10502010/b10502010/src
b10902086,submissions/b10902086/b10902086/src
b10902068,submissions/b10902068/b10902068/src
b09705002,submissions/b09705002/b09705002/src
b10902030,submissions/b10902030/b10902030/src
b10902100,submissions/b10902100/b10902100/src
b10902005,submissions/b10902005/b10902005/src
b10201051,submissions/b10201051/b10201051/src
b11902087,submissions/b11902087/b11902087/src
b10902063,submissions/b10902063/b10902063/src
b11902114,submissions/b11902114/b11902114/src
b10902024,submissions/b10902024/b10902024/src
b11902023,submissions/b11902023/b11902023/src
b10705013,submissions/b10705013/b10705013/src
b08209028,submissions/b08209028/b08209028/src
b10902111,submissions/b10902111/b10902111/src
b11705043,submissions/b11705043/b11705043/src
b06401151,submissions/b06401151/b06401151/src
b10902059,submissions/b10902059/b10902059/src
b10507008,submissions/b10507008/b10507008/src
b11902113,submissions/b11902113/b11902113/src
b10902076,submissions/b10902076/b10902076/src
b10902109,submissions/b10902109/b10902109/src
b11902129,submissions/b11902129/b11902129/src
b10902015,submissions/b10902015/b10902015/src
b11902107,submissions/b11902107/b11902107/src
b10505011,submissions/b10505011/b10505011/src
b10202053,submissions/b10202053/b10202053/src
b11902140,submissions/b11902140/b11902140/src
b09705029,submissions/b09705029/src
b11701242,submissions/b11701242/b11701242/src
b11705008,submissions/b11705008/b11705008/src
b11705032,submissions/b11705032/b11705032/src
b10902054,submissions/b10902054/b10902054/src
t12902105,submissions/t12902105/t12902105/src
b11902065,submissions/b11902065/b11902065/src
b09401140,submissions/b09401140/b09401140/src
b11902047,submissions/b11902047/b11902047/src
b09705048,submissions/b09705048/b09705048/src
b10902112,submissions/b10902112/b10902112/src
b10902077,submissions/b10902077/b10902077/src
b09902018,submissions/b09902018/b09902018/src
b10902019,submissions/b10902019/b10902019/src
b10902104,submissions/b10902104/b10902104/src
b10202024,submissions/b10202024/src
b10902032,submissions/b10902032/b10902032/src
b10902040,submissions/b10902040/b10902040/src
b10902017,submissions/b10902017/b10902017/src
b09901028,submissions/b09901028/b09901028/src
b09201009,submissions/b09201009/b09201009/src
b10902102,submissions/b10902102/b10902102/src
b11505050,submissions/b11505050/b11505050/src
b10705044,submissions/b10705044/b10705044/src
b10902101,submissions/b10902101/b10902101/src
b10902138,submissions/b10902138/b10902138/src
b09508001,submissions/b09508001/b09508001/src
b10902046,submissions/b10902046/b10902046/src
b09303016,submissions/b09303016/b09303016/src
b11705048,submissions/b11705048/b11705048/src
b10902009,submissions/b10902009/b10902009/src
b11902001,submissions/b11902001/b11902001/src
b12902104,submissions/b12902104/b12902104/src
b10b01041,submissions/b10b01041/b10b01041/src
b10401006,submissions/b10401006/b10401006/src
b10902057,submissions/b10902057/b10902057/src
b11705031,submissions/b11705031/b11705031/src
b10902052,submissions/b10902052/b10902052/src
b11705011,submissions/b11705011/b11705011/src
b10902020,submissions/b10902020/b10902020/src
b11902006,submissions/b11902006/b11902006/src
b10902132,submissions/b10902132/b10902132/src
b10902126,submissions/b10902126/b10902126/src
b10902044,submissions/b10902044/b10902044/src
b11902148,
b10902014,submissions/b10902014/b10902014/src
b09202004,submissions/b09202004/b09202004/src
b11902009,submissions/b11902009/b11902009/src
b10705005,submissions/b10705005/b10705005/src
b10902010,submissions/b10902010/b10902010/src
b09303113,submissions/b09303113/b09303113/src
b08501002,submissions/b08501002/b08501002/src
b10902127,submissions/b10902127/b10902127/src
b12901024,submissions/b12901024/b12901024/src
b09701214,submissions/b09701214/b09701214/src
b10902089,submissions/b10902089/b10902089/src
t12902155,submissions/t12902155/src
b10502058,submissions/b10502058/b10502058/src
b10902007,submissions/b10902007/b10920007/src
b10902108,submissions/b10902108/b1090208/src
b10902061,submissions/b10902061/b10902061/src
b10505057,submissions/b10505057/src
b11902132,submissions/b11902132/b11902132/src
b11901016,submissions/b11901016/b11901016/src
b08705058,submissions/b08705058/b08705058/src
b10902067,submissions/b10902067/b10902067/src
b11902138,submissions/b11902138/b11902138/src
b10902051,submissions/b10902051/b10902051/src
b10204022,submissions/b10204022/b10204022/src
b10902003,submissions/b10902003/b10902003/src
b10902071,submissions/b10902071/b10902071/src
b10902110,submissions/b10902110/b10902110/src
b10902070,submissions/b10902070/b10902070/src
b10902113,submissions/b10902113/b10902113/src
b11902037,submissions/b11902037/b11902037/src
b10902047,submissions/b10902047/b10902047/src
b09901142,submissions/b09901142/b09901142/src
b11902073,submissions/b11902073/b11902073/src
b11705026,submissions/b11705026/b11705026/src
b10902048,submissions/b10902048/b10902048/src
t12902103,submissions/t12902103/t12902103/src
b11902069,submissions/b11902069/b11902069/src
b10902004,submissions/b10902004/b10902004/src
b09208022,submissions/b09208022/b09208022/src
b11902048,submissions/b11902048/b11902048/src
b10902117,submissions/b10902117/b10902117/src
b11705057,submissions/b11705057/b11705057/src
b09705046,submissions/b09705046/b09705046/src
b09602017,submissions/b09602017/b09602017/src
b10902002,submissions/b10902002/b10902002/src
b10902050,submissions/b10902050/b10902050/src
b10902039,submissions/b10902039/b10902039/src
b10902033,submissions/b10902033/b10902033/src
b11902072,submissions/b11902072/b11902072/src
b07401120,submissions/b07401120/src
b10902135,submissions/b10902135/b10902135/src
b10902079,submissions/b10902079/b10902079/src
b10902091,submissions/b10902091/b10902091/src
b11705006,submissions/b11705006/b11705006/src
b09605039,submissions/b09605039/b09605039/src
b10902027,submissions/b10902027/b10902027/src
b11902156,submissions/b11902156/b11902156/src
b11902051,submissions/b11902051/b11902051/src
b09902057,submissions/b09902057/b09902057/src
b10902025,submissions/b10902025/b10902025/src
b10902129,submissions/b10902129/b10902129/src
b10902116,submissions/b10902116/src
b10902074,submissions/b10902074/b10902074/src
b10902022,submissions/b10902022/b10902022/src
b10505044,submissions/b10505044/src
b10902123,submissions/b10902123/b10902123/src
b09701248,submissions/b09701248/b09701248/src
b11902010,submissions/b11902010/b11902010/src
b11902067,submissions/b11902067/b11902067/src
b10902115,submissions/b10902115/b10902115/src
b11902044,submissions/b11902044/b11902044/src
b10902078,submissions/b10902078/b10902078/src
b09902013,submissions/b09902013/b09902013/src
b11902085,submissions/b11902085/b11902085/src
b10902042,submissions/b10902042/b10902042/src
b12902098,submissions/b12902098/b12902098/src
b10902133,submissions/b10902133/b10902133/src
b10902118,submissions/b10902118/b10902118/src
b11902143,submissions/b11902143/b11902143/src
r12246005,submissions/r12246005/r12246005/src
b11902111,submissions/b11902111/b11902111/src
b06401036,submissions/b06401036/b06401036/src
b11902125,submissions/b11902125/b11902125/src
b10902021,submissions/b10902021/b10902021/src
b10902073,submissions/b10902073/b10902073/src
b10505029,submissions/b10505029/b10505029/src
b11902057,submissions/b11902057/b11902057/src
b09203001,submissions/b09203001/b09203001/src
b10201026,
b11902155,submissions/b11902155/b11902155/src
b10502042,submissions/b10502042/b10502042/src
b10902012,submissions/b10902012/b10902012/src
b09902002,submissions/b09902002/b09902002/src
b11902127,submissions/b11902127/b11902127/src
r12922098,submissions/r12922098/r12922098/src
b11902145,submissions/b11902145/b11902145/src
b10902034,submissions/b10902034/b10902034/src
b10902043,submissions/b10902043/b10902043/src
b11705051,submissions/b11705051/b11705051/src
b11902158,submissions/b11902158/b11902158/src
b10902013,submissions/b10902013/b10902013/src
b11705022,submissions/b11705022/b11705022/src
